<?xml version="1.0" encoding="UTF-8"?>
<project-private xmlns="http://www.netbeans.org/ns/project-private/1">
    <editor-bookmarks xmlns="http://www.netbeans.org/ns/editor-bookmarks/2" lastBookmarkId="0"/>
    <open-files xmlns="http://www.netbeans.org/ns/projectui-open-files/2">
        <group>
            <file>file:/F:/CIS255/Lab%20Ch%201-3/Ch%203/CarlysEventPriceWithMethods/src/carlyseventpricewithmethods/CarlysEventPriceWithMethods.java</file>
            <file>file:/F:/CIS255/Lab%20Ch%201-3/Ch%203/CarlysEventPriceWithMethods/src/carlyseventpricewithmethods/Event.java</file>
        </group>
    </open-files>
</project-private>
